img_name,label,pred_label
data\test\female_Black\12018.jpg,0,0
data\test\female_Black\12164.jpg,0,0
data\test\female_Black\14518.jpg,0,3
data\test\female_Black\15219.jpg,0,2
data\test\female_Black\16463.jpg,0,0
data\test\female_Black\18897.jpg,0,5
data\test\female_Black\21456.jpg,0,3
data\test\female_Black\22787.jpg,0,0
data\test\female_Black\24880.jpg,0,0
data\test\female_Black\28628.jpg,0,2
data\test\female_Black\30944.jpg,0,3
data\test\female_Black\31198.jpg,0,3
data\test\female_Black\33673.jpg,0,3
data\test\female_Black\33683.jpg,0,3
data\test\female_Black\34820.jpg,0,3
data\test\female_Black\3492.jpg,0,0
data\test\female_Black\34963.jpg,0,0
data\test\female_Black\3542.jpg,0,3
data\test\female_Black\36303.jpg,0,3
data\test\female_Black\37267.jpg,0,3
data\test\female_Black\3830.jpg,0,0
data\test\female_Black\39240.jpg,0,0
data\test\female_Black\40292.jpg,0,0
data\test\female_Black\40395.jpg,0,3
data\test\female_Black\40482.jpg,0,3
data\test\female_Black\41223.jpg,0,0
data\test\female_Black\42890.jpg,0,3
data\test\female_Black\44097.jpg,0,0
data\test\female_Black\45002.jpg,0,3
data\test\female_Black\48422.jpg,0,3
data\test\female_Black\48772.jpg,0,3
data\test\female_Black\49458.jpg,0,0
data\test\female_Black\52336.jpg,0,0
data\test\female_Black\52544.jpg,0,0
data\test\female_Black\52737.jpg,0,0
data\test\female_Black\56725.jpg,0,0
data\test\female_Black\57238.jpg,0,0
data\test\female_Black\57351.jpg,0,0
data\test\female_Black\58835.jpg,0,0
data\test\female_Black\59483.jpg,0,5
data\test\female_Black\65028.jpg,0,0
data\test\female_Black\68325.jpg,0,3
data\test\female_Black\6892.jpg,0,3
data\test\female_Black\69354.jpg,0,0
data\test\female_Black\70103.jpg,0,3
data\test\female_Black\70698.jpg,0,0
data\test\female_Black\7403.jpg,0,3
data\test\female_Black\74457.jpg,0,3
data\test\female_Black\7486.jpg,0,0
data\test\female_Black\75368.jpg,0,3
data\test\female_Black\76964.jpg,0,3
data\test\female_Black\77895.jpg,0,0
data\test\female_Black\78242.jpg,0,3
data\test\female_Black\7837.jpg,0,2
data\test\female_Black\78993.jpg,0,3
data\test\female_Black\79171.jpg,0,0
data\test\female_Black\79338.jpg,0,3
data\test\female_Black\81057.jpg,0,3
data\test\female_Black\83084.jpg,0,4
data\test\female_Black\8394.jpg,0,0
data\test\female_Black\9036.jpg,0,0
data\test\female_East Asian\1561.jpg,1,1
data\test\female_East Asian\16947.jpg,1,2
data\test\female_East Asian\18106.jpg,1,1
data\test\female_East Asian\20472.jpg,1,4
data\test\female_East Asian\24045.jpg,1,1
data\test\female_East Asian\24745.jpg,1,2
data\test\female_East Asian\25100.jpg,1,5
data\test\female_East Asian\25188.jpg,1,1
data\test\female_East Asian\25420.jpg,1,1
data\test\female_East Asian\26873.jpg,1,1
data\test\female_East Asian\28069.jpg,1,1
data\test\female_East Asian\28514.jpg,1,1
data\test\female_East Asian\29054.jpg,1,1
data\test\female_East Asian\30410.jpg,1,4
data\test\female_East Asian\30721.jpg,1,1
data\test\female_East Asian\30979.jpg,1,1
data\test\female_East Asian\3329.jpg,1,1
data\test\female_East Asian\34244.jpg,1,1
data\test\female_East Asian\35552.jpg,1,4
data\test\female_East Asian\36793.jpg,1,1
data\test\female_East Asian\37040.jpg,1,2
data\test\female_East Asian\3800.jpg,1,4
data\test\female_East Asian\38963.jpg,1,4
data\test\female_East Asian\3899.jpg,1,1
data\test\female_East Asian\39307.jpg,1,3
data\test\female_East Asian\44024.jpg,1,4
data\test\female_East Asian\4478.jpg,1,1
data\test\female_East Asian\45511.jpg,1,1
data\test\female_East Asian\48372.jpg,1,2
data\test\female_East Asian\48451.jpg,1,1
data\test\female_East Asian\49030.jpg,1,1
data\test\female_East Asian\49064.jpg,1,1
data\test\female_East Asian\49256.jpg,1,2
data\test\female_East Asian\50709.jpg,1,1
data\test\female_East Asian\51098.jpg,1,1
data\test\female_East Asian\52060.jpg,1,4
data\test\female_East Asian\52986.jpg,1,4
data\test\female_East Asian\55835.jpg,1,5
data\test\female_East Asian\57041.jpg,1,5
data\test\female_East Asian\64661.jpg,1,4
data\test\female_East Asian\64886.jpg,1,1
data\test\female_East Asian\653.jpg,1,2
data\test\female_East Asian\66217.jpg,1,1
data\test\female_East Asian\66325.jpg,1,4
data\test\female_East Asian\67399.jpg,1,1
data\test\female_East Asian\6793.jpg,1,4
data\test\female_East Asian\68065.jpg,1,1
data\test\female_East Asian\69767.jpg,1,1
data\test\female_East Asian\70843.jpg,1,1
data\test\female_East Asian\71034.jpg,1,1
data\test\female_East Asian\71908.jpg,1,1
data\test\female_East Asian\73927.jpg,1,1
data\test\female_East Asian\75083.jpg,1,1
data\test\female_East Asian\75786.jpg,1,3
data\test\female_East Asian\7655.jpg,1,1
data\test\female_East Asian\77860.jpg,1,1
data\test\female_East Asian\78565.jpg,1,4
data\test\female_East Asian\81093.jpg,1,1
data\test\female_East Asian\8260.jpg,1,1
data\test\female_East Asian\86168.jpg,1,4
data\test\female_East Asian\86583.jpg,1,1
data\test\female_White\1051.jpg,2,2
data\test\female_White\10593.jpg,2,2
data\test\female_White\10942.jpg,2,2
data\test\female_White\12690.jpg,2,2
data\test\female_White\12814.jpg,2,5
data\test\female_White\13194.jpg,2,5
data\test\female_White\13428.jpg,2,5
data\test\female_White\13549.jpg,2,2
data\test\female_White\13557.jpg,2,2
data\test\female_White\15380.jpg,2,2
data\test\female_White\18642.jpg,2,2
data\test\female_White\19069.jpg,2,2
data\test\female_White\19104.jpg,2,5
data\test\female_White\19218.jpg,2,2
data\test\female_White\19239.jpg,2,2
data\test\female_White\19434.jpg,2,2
data\test\female_White\20510.jpg,2,2
data\test\female_White\2139.jpg,2,5
data\test\female_White\21749.jpg,2,2
data\test\female_White\25211.jpg,2,2
data\test\female_White\26241.jpg,2,2
data\test\female_White\28414.jpg,2,5
data\test\female_White\28487.jpg,2,2
data\test\female_White\29478.jpg,2,2
data\test\female_White\29800.jpg,2,2
data\test\female_White\303.jpg,2,2
data\test\female_White\31809.jpg,2,2
data\test\female_White\32548.jpg,2,2
data\test\female_White\33120.jpg,2,2
data\test\female_White\33647.jpg,2,2
data\test\female_White\35924.jpg,2,5
data\test\female_White\3611.jpg,2,2
data\test\female_White\36366.jpg,2,5
data\test\female_White\40082.jpg,2,5
data\test\female_White\40605.jpg,2,5
data\test\female_White\4129.jpg,2,5
data\test\female_White\4153.jpg,2,2
data\test\female_White\41659.jpg,2,2
data\test\female_White\42532.jpg,2,2
data\test\female_White\42672.jpg,2,2
data\test\female_White\48331.jpg,2,2
data\test\female_White\48427.jpg,2,5
data\test\female_White\49274.jpg,2,5
data\test\female_White\52039.jpg,2,2
data\test\female_White\52059.jpg,2,5
data\test\female_White\52095.jpg,2,5
data\test\female_White\52918.jpg,2,2
data\test\female_White\53353.jpg,2,2
data\test\female_White\54694.jpg,2,5
data\test\female_White\55690.jpg,2,2
data\test\female_White\55766.jpg,2,5
data\test\female_White\563.jpg,2,2
data\test\female_White\58183.jpg,2,2
data\test\female_White\59392.jpg,2,2
data\test\female_White\6114.jpg,2,2
data\test\female_White\61408.jpg,2,2
data\test\female_White\64477.jpg,2,2
data\test\female_White\65440.jpg,2,2
data\test\female_White\66179.jpg,2,2
data\test\female_White\67136.jpg,2,2
data\test\female_White\71987.jpg,2,5
data\test\female_White\75594.jpg,2,2
data\test\female_White\77398.jpg,2,2
data\test\female_White\77982.jpg,2,2
data\test\female_White\78096.jpg,2,2
data\test\female_White\78442.jpg,2,5
data\test\female_White\78443.jpg,2,5
data\test\female_White\78708.jpg,2,5
data\test\female_White\791.jpg,2,2
data\test\female_White\81464.jpg,2,5
data\test\female_White\81615.jpg,2,2
data\test\female_White\82273.jpg,2,2
data\test\female_White\82400.jpg,2,2
data\test\female_White\82939.jpg,2,2
data\test\female_White\84291.jpg,2,2
data\test\female_White\86531.jpg,2,2
data\test\female_White\886.jpg,2,5
data\test\female_White\9181.jpg,2,2
data\test\male_Black\15028.jpg,3,3
data\test\male_Black\16613.jpg,3,3
data\test\male_Black\16806.jpg,3,3
data\test\male_Black\17020.jpg,3,3
data\test\male_Black\17240.jpg,3,3
data\test\male_Black\18373.jpg,3,3
data\test\male_Black\18841.jpg,3,3
data\test\male_Black\18859.jpg,3,2
data\test\male_Black\1899.jpg,3,3
data\test\male_Black\19649.jpg,3,3
data\test\male_Black\20097.jpg,3,3
data\test\male_Black\22113.jpg,3,5
data\test\male_Black\23380.jpg,3,3
data\test\male_Black\24656.jpg,3,3
data\test\male_Black\25734.jpg,3,3
data\test\male_Black\26692.jpg,3,3
data\test\male_Black\2750.jpg,3,3
data\test\male_Black\27654.jpg,3,3
data\test\male_Black\32977.jpg,3,3
data\test\male_Black\33884.jpg,3,3
data\test\male_Black\34512.jpg,3,3
data\test\male_Black\37770.jpg,3,3
data\test\male_Black\37916.jpg,3,3
data\test\male_Black\38157.jpg,3,3
data\test\male_Black\38413.jpg,3,3
data\test\male_Black\39313.jpg,3,3
data\test\male_Black\41126.jpg,3,3
data\test\male_Black\41327.jpg,3,0
data\test\male_Black\42076.jpg,3,3
data\test\male_Black\4510.jpg,3,3
data\test\male_Black\46006.jpg,3,3
data\test\male_Black\46900.jpg,3,3
data\test\male_Black\48111.jpg,3,3
data\test\male_Black\53021.jpg,3,0
data\test\male_Black\53740.jpg,3,4
data\test\male_Black\57101.jpg,3,3
data\test\male_Black\57705.jpg,3,3
data\test\male_Black\61461.jpg,3,3
data\test\male_Black\61728.jpg,3,3
data\test\male_Black\62338.jpg,3,3
data\test\male_Black\65395.jpg,3,3
data\test\male_Black\6717.jpg,3,0
data\test\male_Black\67183.jpg,3,3
data\test\male_Black\67230.jpg,3,3
data\test\male_Black\67369.jpg,3,5
data\test\male_Black\7059.jpg,3,5
data\test\male_Black\72889.jpg,3,5
data\test\male_Black\73356.jpg,3,3
data\test\male_Black\74675.jpg,3,5
data\test\male_Black\75670.jpg,3,3
data\test\male_Black\76049.jpg,3,3
data\test\male_Black\76157.jpg,3,3
data\test\male_Black\77814.jpg,3,3
data\test\male_Black\8200.jpg,3,3
data\test\male_Black\82049.jpg,3,3
data\test\male_Black\83677.jpg,3,3
data\test\male_Black\84303.jpg,3,5
data\test\male_Black\84880.jpg,3,2
data\test\male_Black\85270.jpg,3,2
data\test\male_Black\8609.jpg,3,3
data\test\male_East Asian\11131.jpg,4,4
data\test\male_East Asian\11451.jpg,4,4
data\test\male_East Asian\13564.jpg,4,4
data\test\male_East Asian\1364.jpg,4,4
data\test\male_East Asian\13654.jpg,4,4
data\test\male_East Asian\15193.jpg,4,4
data\test\male_East Asian\15333.jpg,4,5
data\test\male_East Asian\16855.jpg,4,2
data\test\male_East Asian\20208.jpg,4,4
data\test\male_East Asian\21423.jpg,4,4
data\test\male_East Asian\22742.jpg,4,4
data\test\male_East Asian\24077.jpg,4,5
data\test\male_East Asian\25527.jpg,4,4
data\test\male_East Asian\26602.jpg,4,4
data\test\male_East Asian\2837.jpg,4,1
data\test\male_East Asian\28713.jpg,4,4
data\test\male_East Asian\3274.jpg,4,4
data\test\male_East Asian\34577.jpg,4,4
data\test\male_East Asian\34597.jpg,4,4
data\test\male_East Asian\35998.jpg,4,5
data\test\male_East Asian\38012.jpg,4,4
data\test\male_East Asian\40278.jpg,4,4
data\test\male_East Asian\42196.jpg,4,4
data\test\male_East Asian\43789.jpg,4,4
data\test\male_East Asian\44178.jpg,4,5
data\test\male_East Asian\46601.jpg,4,4
data\test\male_East Asian\46691.jpg,4,4
data\test\male_East Asian\4776.jpg,4,4
data\test\male_East Asian\49838.jpg,4,4
data\test\male_East Asian\52148.jpg,4,4
data\test\male_East Asian\52568.jpg,4,4
data\test\male_East Asian\55769.jpg,4,5
data\test\male_East Asian\56220.jpg,4,3
data\test\male_East Asian\56359.jpg,4,5
data\test\male_East Asian\57403.jpg,4,4
data\test\male_East Asian\58209.jpg,4,4
data\test\male_East Asian\59781.jpg,4,4
data\test\male_East Asian\60019.jpg,4,1
data\test\male_East Asian\634.jpg,4,4
data\test\male_East Asian\65065.jpg,4,5
data\test\male_East Asian\6714.jpg,4,4
data\test\male_East Asian\67651.jpg,4,4
data\test\male_East Asian\68672.jpg,4,4
data\test\male_East Asian\69594.jpg,4,4
data\test\male_East Asian\69604.jpg,4,4
data\test\male_East Asian\7081.jpg,4,4
data\test\male_East Asian\72748.jpg,4,4
data\test\male_East Asian\72791.jpg,4,4
data\test\male_East Asian\73433.jpg,4,4
data\test\male_East Asian\74843.jpg,4,4
data\test\male_East Asian\77224.jpg,4,1
data\test\male_East Asian\77256.jpg,4,5
data\test\male_East Asian\77813.jpg,4,4
data\test\male_East Asian\78133.jpg,4,4
data\test\male_East Asian\8108.jpg,4,4
data\test\male_East Asian\82076.jpg,4,4
data\test\male_East Asian\8239.jpg,4,4
data\test\male_East Asian\85630.jpg,4,5
data\test\male_East Asian\85866.jpg,4,4
data\test\male_East Asian\86494.jpg,4,5
data\test\male_East Asian\9646.jpg,4,5
data\test\male_White\11026.jpg,5,5
data\test\male_White\11390.jpg,5,5
data\test\male_White\11714.jpg,5,5
data\test\male_White\12037.jpg,5,5
data\test\male_White\12038.jpg,5,5
data\test\male_White\12718.jpg,5,5
data\test\male_White\13439.jpg,5,5
data\test\male_White\18116.jpg,5,5
data\test\male_White\20558.jpg,5,5
data\test\male_White\21418.jpg,5,5
data\test\male_White\22269.jpg,5,5
data\test\male_White\23104.jpg,5,5
data\test\male_White\24303.jpg,5,5
data\test\male_White\24551.jpg,5,5
data\test\male_White\25712.jpg,5,5
data\test\male_White\27990.jpg,5,5
data\test\male_White\28656.jpg,5,5
data\test\male_White\29772.jpg,5,5
data\test\male_White\29913.jpg,5,5
data\test\male_White\31406.jpg,5,5
data\test\male_White\32800.jpg,5,5
data\test\male_White\34159.jpg,5,5
data\test\male_White\34291.jpg,5,5
data\test\male_White\34443.jpg,5,5
data\test\male_White\34677.jpg,5,5
data\test\male_White\35233.jpg,5,5
data\test\male_White\36133.jpg,5,5
data\test\male_White\36620.jpg,5,5
data\test\male_White\37070.jpg,5,5
data\test\male_White\3837.jpg,5,5
data\test\male_White\38551.jpg,5,5
data\test\male_White\39833.jpg,5,5
data\test\male_White\40979.jpg,5,5
data\test\male_White\41410.jpg,5,5
data\test\male_White\41515.jpg,5,5
data\test\male_White\41578.jpg,5,5
data\test\male_White\43103.jpg,5,5
data\test\male_White\44505.jpg,5,5
data\test\male_White\45372.jpg,5,5
data\test\male_White\45468.jpg,5,5
data\test\male_White\46499.jpg,5,5
data\test\male_White\47280.jpg,5,5
data\test\male_White\47434.jpg,5,5
data\test\male_White\48214.jpg,5,5
data\test\male_White\48876.jpg,5,5
data\test\male_White\50688.jpg,5,5
data\test\male_White\51676.jpg,5,5
data\test\male_White\5196.jpg,5,5
data\test\male_White\52717.jpg,5,5
data\test\male_White\53598.jpg,5,5
data\test\male_White\53629.jpg,5,5
data\test\male_White\53883.jpg,5,5
data\test\male_White\54279.jpg,5,5
data\test\male_White\54415.jpg,5,5
data\test\male_White\55004.jpg,5,5
data\test\male_White\55406.jpg,5,5
data\test\male_White\5735.jpg,5,5
data\test\male_White\57501.jpg,5,2
data\test\male_White\58766.jpg,5,5
data\test\male_White\59213.jpg,5,5
data\test\male_White\60918.jpg,5,5
data\test\male_White\63607.jpg,5,5
data\test\male_White\63731.jpg,5,5
data\test\male_White\64125.jpg,5,4
data\test\male_White\66100.jpg,5,5
data\test\male_White\66327.jpg,5,5
data\test\male_White\68350.jpg,5,5
data\test\male_White\6838.jpg,5,5
data\test\male_White\69465.jpg,5,5
data\test\male_White\71035.jpg,5,5
data\test\male_White\71147.jpg,5,5
data\test\male_White\73339.jpg,5,5
data\test\male_White\75119.jpg,5,5
data\test\male_White\75514.jpg,5,5
data\test\male_White\76343.jpg,5,5
data\test\male_White\76720.jpg,5,5
data\test\male_White\77843.jpg,5,5
data\test\male_White\78973.jpg,5,5
data\test\male_White\83842.jpg,5,5
data\test\male_White\84177.jpg,5,5
data\test\male_White\84742.jpg,5,5
data\test\male_White\86300.jpg,5,5
data\test\male_White\86441.jpg,5,5
data\test\male_White\86455.jpg,5,5
data\test\male_White\9463.jpg,5,5
data\test\male_White\9502.jpg,5,5
data\test\male_White\9650.jpg,5,5
